source,target,status,preserve_query_string,include_subdomains,subpath_matching,preserve_path_suffix
fflaccelerator.com/ffl-ecommerce,https://www.coriolisagency.com/ecommerce,301,TRUE,FALSE,FALSE,FALSE
fflaccelerator.com/ffl-ecommerce/,https://www.coriolisagency.com/ecommerce,301,TRUE,FALSE,FALSE,FALSE
fflaccelerator.com/ffl-dropshipping,https://www.coriolisagency.com/firearms-dropshipping,301,TRUE,FALSE,FALSE,FALSE
fflaccelerator.com/ffl-dropshipping/,https://www.coriolisagency.com/firearms-dropshipping,301,TRUE,FALSE,FALSE,FALSE
fflaccelerator.com/switch,https://www.coriolisagency.com/ammoready-alternative,301,TRUE,FALSE,FALSE,FALSE
fflaccelerator.com/switch/,https://www.coriolisagency.com/ammoready-alternative,301,TRUE,FALSE,FALSE,FALSE
fflaccelerator.com/retailbi-and-axis,https://www.coriolisagency.com/demand-intelligence,301,TRUE,FALSE,FALSE,FALSE
fflaccelerator.com/retailbi-and-axis/,https://www.coriolisagency.com/demand-intelligence,301,TRUE,FALSE,FALSE,FALSE
fflaccelerator.com/pricing,https://www.coriolisagency.com/ecommerce,301,TRUE,FALSE,FALSE,FALSE
fflaccelerator.com/pricing/,https://www.coriolisagency.com/ecommerce,301,TRUE,FALSE,FALSE,FALSE
fflaccelerator.com/contact,https://www.coriolisagency.com/contact,301,TRUE,FALSE,FALSE,FALSE
fflaccelerator.com/contact/,https://www.coriolisagency.com/contact,301,TRUE,FALSE,FALSE,FALSE
fflaccelerator.com/switch-n-save,https://www.coriolisagency.com/ammoready-alternative,301,TRUE,FALSE,FALSE,FALSE
fflaccelerator.com/switch-n-save/,https://www.coriolisagency.com/ammoready-alternative,301,TRUE,FALSE,FALSE,FALSE
fflaccelerator.com/how-to-start-a-gun-store-essential-tips-for-new-firearms-dealers,https://www.coriolisagency.com/ecommerce,301,TRUE,FALSE,FALSE,FALSE
fflaccelerator.com/how-to-start-a-gun-store-essential-tips-for-new-firearms-dealers/,https://www.coriolisagency.com/ecommerce,301,TRUE,FALSE,FALSE,FALSE
fflaccelerator.com/firearm-and-accessory-sales-trends-in-q1-2025,https://fflaccelerator.com/trends/2025-q1/,301,TRUE,FALSE,FALSE,FALSE
fflaccelerator.com/firearm-and-accessory-sales-trends-in-q1-2025/,https://fflaccelerator.com/trends/2025-q1/,301,TRUE,FALSE,FALSE,FALSE
fflaccelerator.com/firearm-and-accessory-sales-trends-in-q2-2025,https://fflaccelerator.com/trends/2025-q2/,301,TRUE,FALSE,FALSE,FALSE
fflaccelerator.com/firearm-and-accessory-sales-trends-in-q2-2025/,https://fflaccelerator.com/trends/2025-q2/,301,TRUE,FALSE,FALSE,FALSE
fflaccelerator.com/best-software-for-managing-your-gun-store-and-ffl-records,https://fflaccelerator.com/guides/gun-store-software/,301,TRUE,FALSE,FALSE,FALSE
fflaccelerator.com/best-software-for-managing-your-gun-store-and-ffl-records/,https://fflaccelerator.com/guides/gun-store-software/,301,TRUE,FALSE,FALSE,FALSE
fflaccelerator.com/category/4473,https://fflaccelerator.com/guides/gun-store-software/,301,TRUE,FALSE,FALSE,FALSE
fflaccelerator.com/category/4473/,https://fflaccelerator.com/guides/gun-store-software/,301,TRUE,FALSE,FALSE,FALSE
fflaccelerator.com/top-5-reasons-firearms-retailers-should-switch-to-electronic-4473-storage,https://fflaccelerator.com/guides/gun-store-software/,301,TRUE,FALSE,FALSE,FALSE
fflaccelerator.com/top-5-reasons-firearms-retailers-should-switch-to-electronic-4473-storage/,https://fflaccelerator.com/guides/gun-store-software/,301,TRUE,FALSE,FALSE,FALSE
fflaccelerator.com/step-by-step-guide-to-obtaining-your-federal-firearms-license-ffl,https://fflaccelerator.com/,301,TRUE,FALSE,FALSE,FALSE
fflaccelerator.com/step-by-step-guide-to-obtaining-your-federal-firearms-license-ffl/,https://fflaccelerator.com/,301,TRUE,FALSE,FALSE,FALSE
fflaccelerator.com/top-5-common-mistakes-to-avoid-when-applying-for-your-ffl,https://fflaccelerator.com/,301,TRUE,FALSE,FALSE,FALSE
fflaccelerator.com/top-5-common-mistakes-to-avoid-when-applying-for-your-ffl/,https://fflaccelerator.com/,301,TRUE,FALSE,FALSE,FALSE
fflaccelerator.com/understanding-the-different-types-of-ffls,https://fflaccelerator.com/,301,TRUE,FALSE,FALSE,FALSE
fflaccelerator.com/understanding-the-different-types-of-ffls/,https://fflaccelerator.com/,301,TRUE,FALSE,FALSE,FALSE
fflaccelerator.com/author/devopscoriolisagency-com,https://fflaccelerator.com/about/,301,TRUE,FALSE,FALSE,FALSE
fflaccelerator.com/author/devopscoriolisagency-com/,https://fflaccelerator.com/about/,301,TRUE,FALSE,FALSE,FALSE
fflaccelerator.com/get-your-ffl-sot-with-orchids-ffl-university,https://fflaccelerator.com/get-your-ffl-sot-with-orchids-ffl-university,410,TRUE,FALSE,FALSE,FALSE
fflaccelerator.com/get-your-ffl-sot-with-orchids-ffl-university/,https://fflaccelerator.com/get-your-ffl-sot-with-orchids-ffl-university/,410,TRUE,FALSE,FALSE,FALSE
fflaccelerator.com/orchid,https://fflaccelerator.com/orchid,410,TRUE,FALSE,FALSE,FALSE
fflaccelerator.com/orchid/,https://fflaccelerator.com/orchid/,410,TRUE,FALSE,FALSE,FALSE
fflaccelerator.com/orchid-advisors,https://fflaccelerator.com/orchid-advisors,410,TRUE,FALSE,FALSE,FALSE
fflaccelerator.com/orchid-advisors/,https://fflaccelerator.com/orchid-advisors/,410,TRUE,FALSE,FALSE,FALSE
fflaccelerator.com/orchid-estate,https://fflaccelerator.com/orchid-estate,410,TRUE,FALSE,FALSE,FALSE
fflaccelerator.com/orchid-estate/,https://fflaccelerator.com/orchid-estate/,410,TRUE,FALSE,FALSE,FALSE
fflaccelerator.com/ebound,https://fflaccelerator.com/ebound,410,TRUE,FALSE,FALSE,FALSE
fflaccelerator.com/ebound/,https://fflaccelerator.com/ebound/,410,TRUE,FALSE,FALSE,FALSE
fflaccelerator.com/orchids-ffl-university,https://fflaccelerator.com/orchids-ffl-university,410,TRUE,FALSE,FALSE,FALSE
fflaccelerator.com/orchids-ffl-university/,https://fflaccelerator.com/orchids-ffl-university/,410,TRUE,FALSE,FALSE,FALSE
fflaccelerator.com/orchid-ffl-university,https://fflaccelerator.com/orchid-ffl-university,410,TRUE,FALSE,FALSE,FALSE
fflaccelerator.com/orchid-ffl-university/,https://fflaccelerator.com/orchid-ffl-university/,410,TRUE,FALSE,FALSE,FALSE
fflaccelerator.com/category/orchid,https://fflaccelerator.com/category/orchid,410,TRUE,FALSE,FALSE,FALSE
fflaccelerator.com/category/orchid/,https://fflaccelerator.com/category/orchid/,410,TRUE,FALSE,FALSE,FALSE
fflaccelerator.com/tag/orchid,https://fflaccelerator.com/tag/orchid,410,TRUE,FALSE,FALSE,FALSE
fflaccelerator.com/tag/orchid/,https://fflaccelerator.com/tag/orchid/,410,TRUE,FALSE,FALSE,FALSE
fflaccelerator.com/what-to-expect-during-an-atf-inspection-of-your-firearms-business,https://fflaccelerator.com/what-to-expect-during-an-atf-inspection-of-your-firearms-business,410,TRUE,FALSE,FALSE,FALSE
fflaccelerator.com/what-to-expect-during-an-atf-inspection-of-your-firearms-business/,https://fflaccelerator.com/what-to-expect-during-an-atf-inspection-of-your-firearms-business/,410,TRUE,FALSE,FALSE,FALSE
fflaccelerator.com/ffl-renewal-process-what-you-need-to-know-to-stay-compliant,https://fflaccelerator.com/ffl-renewal-process-what-you-need-to-know-to-stay-compliant,410,TRUE,FALSE,FALSE,FALSE
fflaccelerator.com/ffl-renewal-process-what-you-need-to-know-to-stay-compliant/,https://fflaccelerator.com/ffl-renewal-process-what-you-need-to-know-to-stay-compliant/,410,TRUE,FALSE,FALSE,FALSE
fflaccelerator.com/ffl-news,https://fflaccelerator.com/ffl-news,410,TRUE,FALSE,FALSE,FALSE
fflaccelerator.com/ffl-news/,https://fflaccelerator.com/ffl-news/,410,TRUE,FALSE,FALSE,FALSE
